{
  "schemaVersion": 1,
  "id": "eventnotifier",
  "version": "${version}",
  "name": "EventNotifier",
  "description": "",
  "authors": [],
  "contact": {},
  "license": "MIT",
  "icon": "assets/eventnotifier/icon.png",
  "environment": "client",
  "entrypoints": {
    "main": [
      "me.zyouime.eventnotifier.EventNotifier"
    ]
  },
  "mixins": [
    "eventnotifier.mixins.json"
  ],
  "depends": {
    "fabricloader": ">=${loader_version}",
    "fabric": "*",
    "minecraft": "${minecraft_version}"
  }
}
